{
  "name": "root",
  "gauges": [
    {
      "name": "3DBallLearning.mean_reward",
      "value": 31.143750477582216,
      "min": 1.163419515338854,
      "max": 31.143750477582216,
      "count": 10
    }
  ],
  "total": 121.19314290000001,
  "count": 1,
  "self": 9.268996699999747,
  "children": [
    {
      "name": "TrainerController.advance",
      "total": 111.92414620000027,
      "count": 10907,
      "self": 10.111979800000867,
      "children": [
        {
          "name": "env_step",
          "total": 86.7472032999994,
          "count": 10907,
          "self": 79.21923599999924,
          "children": [
            {
              "name": "SubprocessEnvManager._take_step",
              "total": 7.42898470000056,
              "count": 10907,
              "self": 0.14256660000065668,
              "children": [
                {
                  "name": "PPOPolicy.evaluate",
                  "total": 7.286418099999904,
                  "count": 10907,
                  "self": 7.286418099999904
                }
              ]
            },
            {
              "name": "workers",
              "total": 0.09898259999960057,
              "count": 10906,
              "self": 0.0,
              "children": [
                {
                  "name": "worker_root",
                  "total": 116.29898999999989,
                  "count": 10906,
                  "is_parallel": true,
                  "self": 43.550476500000315,
                  "children": [
                    {
                      "name": "UnityEnvironment.step",
                      "total": 72.74851349999958,
                      "count": 10906,
                      "is_parallel": true,
                      "self": 5.003954699999696,
                      "children": [
                        {
                          "name": "UnityEnvironment._generate_step_input",
                          "total": 1.2576185999999083,
                          "count": 10906,
                          "is_parallel": true,
                          "self": 1.2576185999999083
                        },
                        {
                          "name": "communicator.exchange",
                          "total": 66.48694019999996,
                          "count": 10906,
                          "is_parallel": true,
                          "self": 66.48694019999996
                        }
                      ]
                    }
                  ]
                }
              ]
            }
          ]
        },
        {
          "name": "update_policy",
          "total": 15.064963100000007,
          "count": 10,
          "self": 5.627997800000365,
          "children": [
            {
              "name": "PPOPolicy.update",
              "total": 9.436965299999642,
              "count": 5628,
              "self": 9.436965299999642
            }
          ]
        }
      ]
    }
  ]
}