{
  "name": "root",
  "total": 21.57987668434392,
  "count": 1,
  "self": 21.57987668434392
}