{
  "name": "root",
  "gauges": [
    {
      "name": "Game1Learning.mean_reward",
      "value": -1.6084939329050678,
      "min": -2.2126328955597248,
      "max": 1.3,
      "count": 20
    }
  ],
  "total": 680.6386436,
  "count": 1,
  "self": 9.409958100006406,
  "children": [
    {
      "name": "TrainerController.advance",
      "total": 671.2286854999936,
      "count": 100001,
      "self": 72.72891529999129,
      "children": [
        {
          "name": "env_step",
          "total": 559.9112410000029,
          "count": 100001,
          "self": 509.24937750000174,
          "children": [
            {
              "name": "SubprocessEnvManager._take_step",
              "total": 49.76558770000189,
              "count": 100001,
              "self": 1.348831200005307,
              "children": [
                {
                  "name": "PPOPolicy.evaluate",
                  "total": 48.41675649999658,
                  "count": 100001,
                  "self": 48.41675649999658
                }
              ]
            },
            {
              "name": "workers",
              "total": 0.896275799999259,
              "count": 100001,
              "self": 0.0,
              "children": [
                {
                  "name": "worker_root",
                  "total": 674.3612259000068,
                  "count": 100001,
                  "is_parallel": true,
                  "self": 217.6827857000123,
                  "children": [
                    {
                      "name": "UnityEnvironment.step",
                      "total": 456.67844019999455,
                      "count": 100001,
                      "is_parallel": true,
                      "self": 38.44963199998699,
                      "children": [
                        {
                          "name": "UnityEnvironment._generate_step_input",
                          "total": 9.320702900008126,
                          "count": 100001,
                          "is_parallel": true,
                          "self": 9.320702900008126
                        },
                        {
                          "name": "communicator.exchange",
                          "total": 408.9081052999994,
                          "count": 100001,
                          "is_parallel": true,
                          "self": 408.9081052999994
                        }
                      ]
                    }
                  ]
                }
              ]
            }
          ]
        },
        {
          "name": "update_policy",
          "total": 38.58852919999944,
          "count": 373,
          "self": 22.89382719999926,
          "children": [
            {
              "name": "PPOPolicy.update",
              "total": 15.69470200000018,
              "count": 5968,
              "self": 15.69470200000018
            }
          ]
        }
      ]
    }
  ]
}