{
  "name": "root",
  "gauges": [
    {
      "name": "Game1Learning.mean_reward",
      "value": -1.7731310140636565,
      "min": -4.56877964639931,
      "max": -1.6646688642493257,
      "count": 14
    }
  ],
  "total": 511.1266829,
  "count": 1,
  "self": 10.36828149999235,
  "children": [
    {
      "name": "TrainerController.advance",
      "total": 500.75840140000764,
      "count": 72694,
      "self": 70.78779380000515,
      "children": [
        {
          "name": "env_step",
          "total": 404.1406718000023,
          "count": 72694,
          "self": 368.2370141000098,
          "children": [
            {
              "name": "SubprocessEnvManager._take_step",
              "total": 35.279430599993205,
              "count": 72694,
              "self": 0.9129045999993579,
              "children": [
                {
                  "name": "PPOPolicy.evaluate",
                  "total": 34.36652599999385,
                  "count": 72694,
                  "self": 34.36652599999385
                }
              ]
            },
            {
              "name": "workers",
              "total": 0.6242270999993025,
              "count": 72693,
              "self": 0.0,
              "children": [
                {
                  "name": "worker_root",
                  "total": 505.50579140000434,
                  "count": 72693,
                  "is_parallel": true,
                  "self": 175.04582700000861,
                  "children": [
                    {
                      "name": "UnityEnvironment.step",
                      "total": 330.4599643999957,
                      "count": 72693,
                      "is_parallel": true,
                      "self": 27.73005749999885,
                      "children": [
                        {
                          "name": "UnityEnvironment._generate_step_input",
                          "total": 6.63734999999822,
                          "count": 72693,
                          "is_parallel": true,
                          "self": 6.63734999999822
                        },
                        {
                          "name": "communicator.exchange",
                          "total": 296.09255689999867,
                          "count": 72693,
                          "is_parallel": true,
                          "self": 296.09255689999867
                        }
                      ]
                    }
                  ]
                }
              ]
            }
          ]
        },
        {
          "name": "update_policy",
          "total": 25.829935800000236,
          "count": 254,
          "self": 15.175461499999127,
          "children": [
            {
              "name": "PPOPolicy.update",
              "total": 10.654474300001109,
              "count": 4064,
              "self": 10.654474300001109
            }
          ]
        }
      ]
    }
  ]
}