{
  "name": "root",
  "total": 12.610999300000001,
  "count": 1,
  "self": 10.256331299999998,
  "children": [
    {
      "name": "TrainerController.advance",
      "total": 2.3546680000000038,
      "count": 201,
      "self": 0.12360379999999083,
      "children": [
        {
          "name": "env_step",
          "total": 2.231064200000013,
          "count": 201,
          "self": 2.07425239999999,
          "children": [
            {
              "name": "SubprocessEnvManager._take_step",
              "total": 0.15509730000002797,
              "count": 201,
              "self": 0.0027024000000377413,
              "children": [
                {
                  "name": "PPOPolicy.evaluate",
                  "total": 0.15239489999999023,
                  "count": 201,
                  "self": 0.15239489999999023
                }
              ]
            },
            {
              "name": "workers",
              "total": 0.0017144999999949562,
              "count": 200,
              "self": 0.0,
              "children": [
                {
                  "name": "worker_root",
                  "total": 8.384818899999999,
                  "count": 200,
                  "is_parallel": true,
                  "self": 6.426253899999996,
                  "children": [
                    {
                      "name": "UnityEnvironment.step",
                      "total": 1.9585650000000028,
                      "count": 200,
                      "is_parallel": true,
                      "self": 0.049707699999997246,
                      "children": [
                        {
                          "name": "UnityEnvironment._generate_step_input",
                          "total": 0.010496499999995024,
                          "count": 200,
                          "is_parallel": true,
                          "self": 0.010496499999995024
                        },
                        {
                          "name": "communicator.exchange",
                          "total": 1.8983608000000105,
                          "count": 200,
                          "is_parallel": true,
                          "self": 1.8983608000000105
                        }
                      ]
                    }
                  ]
                }
              ]
            }
          ]
        }
      ]
    }
  ]
}