{
  "name": "root",
  "total": 51.3401821,
  "count": 1,
  "self": 36.23916299999976,
  "children": [
    {
      "name": "TrainerController.advance",
      "total": 15.101019100000237,
      "count": 2001,
      "self": 1.612992600000318,
      "children": [
        {
          "name": "env_step",
          "total": 13.488026499999918,
          "count": 2001,
          "self": 11.727115600000019,
          "children": [
            {
              "name": "SubprocessEnvManager._take_step",
              "total": 1.7427443999999284,
              "count": 2001,
              "self": 0.02765839999982944,
              "children": [
                {
                  "name": "PPOPolicy.evaluate",
                  "total": 1.715086000000099,
                  "count": 2001,
                  "self": 1.715086000000099
                }
              ]
            },
            {
              "name": "workers",
              "total": 0.01816649999997111,
              "count": 2000,
              "self": 0.0,
              "children": [
                {
                  "name": "worker_root",
                  "total": 45.95690620000002,
                  "count": 2000,
                  "is_parallel": true,
                  "self": 35.519549599999905,
                  "children": [
                    {
                      "name": "UnityEnvironment.step",
                      "total": 10.437356600000111,
                      "count": 2000,
                      "is_parallel": true,
                      "self": 0.9873239000004865,
                      "children": [
                        {
                          "name": "UnityEnvironment._generate_step_input",
                          "total": 0.20759389999980726,
                          "count": 2000,
                          "is_parallel": true,
                          "self": 0.20759389999980726
                        },
                        {
                          "name": "communicator.exchange",
                          "total": 9.242438799999817,
                          "count": 2000,
                          "is_parallel": true,
                          "self": 9.242438799999817
                        }
                      ]
                    }
                  ]
                }
              ]
            }
          ]
        }
      ]
    }
  ]
}