{
  "name": "root",
  "gauges": [
    {
      "name": "Game2Learning.mean_reward",
      "value": -1.0,
      "min": -1.0,
      "max": -0.2857142857142857,
      "count": 2
    }
  ],
  "total": 326.2242165,
  "count": 1,
  "self": 9.39267170000062,
  "children": [
    {
      "name": "TrainerController.advance",
      "total": 316.8315447999994,
      "count": 13711,
      "self": 10.963046400000223,
      "children": [
        {
          "name": "env_step",
          "total": 294.93599329999915,
          "count": 13711,
          "self": 283.33929070000073,
          "children": [
            {
              "name": "SubprocessEnvManager._take_step",
              "total": 11.468298099999505,
              "count": 13711,
              "self": 0.2020683999993622,
              "children": [
                {
                  "name": "PPOPolicy.evaluate",
                  "total": 11.266229700000142,
                  "count": 13711,
                  "self": 11.266229700000142
                }
              ]
            },
            {
              "name": "workers",
              "total": 0.12840449999893,
              "count": 13710,
              "self": 0.0,
              "children": [
                {
                  "name": "worker_root",
                  "total": 320.6133358999982,
                  "count": 13710,
                  "is_parallel": true,
                  "self": 46.166419999997686,
                  "children": [
                    {
                      "name": "UnityEnvironment.step",
                      "total": 274.44691590000053,
                      "count": 13708,
                      "is_parallel": true,
                      "self": 6.81817109999912,
                      "children": [
                        {
                          "name": "UnityEnvironment._generate_step_input",
                          "total": 1.3930175999992649,
                          "count": 13708,
                          "is_parallel": true,
                          "self": 1.3930175999992649
                        },
                        {
                          "name": "communicator.exchange",
                          "total": 266.23572720000215,
                          "count": 13708,
                          "is_parallel": true,
                          "self": 266.23572720000215
                        }
                      ]
                    }
                  ]
                }
              ]
            }
          ]
        },
        {
          "name": "update_policy",
          "total": 10.932505100000007,
          "count": 5,
          "self": 4.799918499999819,
          "children": [
            {
              "name": "PPOPolicy.update",
              "total": 6.132586600000188,
              "count": 300,
              "self": 6.132586600000188
            }
          ]
        }
      ]
    }
  ]
}