{
  "name": "root",
  "total": 507.2914404,
  "count": 1,
  "self": 15.452207100000408,
  "children": [
    {
      "name": "TrainerController.advance",
      "total": 491.8392332999996,
      "count": 108992,
      "self": 55.89807499998568,
      "children": [
        {
          "name": "env_step",
          "total": 414.5586594000139,
          "count": 108992,
          "self": 357.72259310001084,
          "children": [
            {
              "name": "SubprocessEnvManager._take_step",
              "total": 55.917697200002955,
              "count": 108992,
              "self": 1.324240200006372,
              "children": [
                {
                  "name": "PPOPolicy.evaluate",
                  "total": 54.59345699999658,
                  "count": 108992,
                  "self": 54.59345699999658
                }
              ]
            },
            {
              "name": "workers",
              "total": 0.9183691000001097,
              "count": 108991,
              "self": 0.0,
              "children": [
                {
                  "name": "worker_root",
                  "total": 501.3002303000137,
                  "count": 108991,
                  "is_parallel": true,
                  "self": 196.56809290001064,
                  "children": [
                    {
                      "name": "UnityEnvironment.step",
                      "total": 304.73213740000307,
                      "count": 108991,
                      "is_parallel": true,
                      "self": 29.43857430000503,
                      "children": [
                        {
                          "name": "UnityEnvironment._generate_step_input",
                          "total": 6.648345799991608,
                          "count": 108991,
                          "is_parallel": true,
                          "self": 6.648345799991608
                        },
                        {
                          "name": "communicator.exchange",
                          "total": 268.64521730000644,
                          "count": 108991,
                          "is_parallel": true,
                          "self": 268.64521730000644
                        }
                      ]
                    }
                  ]
                }
              ]
            }
          ]
        },
        {
          "name": "update_policy",
          "total": 21.382498900000055,
          "count": 211,
          "self": 12.609770400001691,
          "children": [
            {
              "name": "PPOPolicy.update",
              "total": 8.772728499998363,
              "count": 3376,
              "self": 8.772728499998363
            }
          ]
        }
      ]
    }
  ]
}