{
  "name": "root",
  "gauges": [
    {
      "name": "Game1Learning.mean_reward",
      "value": -1.983386960027019,
      "min": -23.923705331895917,
      "max": -1.9075119770997844,
      "count": 13
    }
  ],
  "total": 777.5083115,
  "count": 1,
  "self": 11.910450799997989,
  "children": [
    {
      "name": "TrainerController.advance",
      "total": 765.597860700002,
      "count": 65992,
      "self": 47.5410842999986,
      "children": [
        {
          "name": "env_step",
          "total": 686.7413906000037,
          "count": 65992,
          "self": 642.0193866000112,
          "children": [
            {
              "name": "SubprocessEnvManager._take_step",
              "total": 44.133895099986866,
              "count": 65992,
              "self": 0.890858699982509,
              "children": [
                {
                  "name": "PPOPolicy.evaluate",
                  "total": 43.24303640000436,
                  "count": 65992,
                  "self": 43.24303640000436
                }
              ]
            },
            {
              "name": "workers",
              "total": 0.588108900005559,
              "count": 65991,
              "self": 0.0,
              "children": [
                {
                  "name": "worker_root",
                  "total": 770.5998706000009,
                  "count": 65991,
                  "is_parallel": true,
                  "self": 169.17179160000512,
                  "children": [
                    {
                      "name": "UnityEnvironment.step",
                      "total": 601.4280789999958,
                      "count": 65991,
                      "is_parallel": true,
                      "self": 36.93321939998441,
                      "children": [
                        {
                          "name": "UnityEnvironment._generate_step_input",
                          "total": 6.433422300001542,
                          "count": 65991,
                          "is_parallel": true,
                          "self": 6.433422300001542
                        },
                        {
                          "name": "communicator.exchange",
                          "total": 558.0614373000099,
                          "count": 65991,
                          "is_parallel": true,
                          "self": 558.0614373000099
                        }
                      ]
                    }
                  ]
                }
              ]
            }
          ]
        },
        {
          "name": "update_policy",
          "total": 31.31538579999974,
          "count": 231,
          "self": 15.088823299999618,
          "children": [
            {
              "name": "PPOPolicy.update",
              "total": 16.22656250000012,
              "count": 4086,
              "self": 16.22656250000012
            }
          ]
        }
      ]
    }
  ]
}