{
  "name": "root",
  "gauges": [
    {
      "name": "Game1Learning.mean_reward",
      "value": 1.0,
      "min": -6.0,
      "max": 1.0,
      "count": 4
    }
  ],
  "total": 344.942364,
  "count": 1,
  "self": 7.964099600001873,
  "children": [
    {
      "name": "TrainerController.advance",
      "total": 336.9782643999981,
      "count": 25729,
      "self": 12.932648099998573,
      "children": [
        {
          "name": "env_step",
          "total": 322.25778429999957,
          "count": 25729,
          "self": 305.58124279999436,
          "children": [
            {
              "name": "SubprocessEnvManager._take_step",
              "total": 16.445779400002422,
              "count": 25729,
              "self": 0.34337250000031716,
              "children": [
                {
                  "name": "PPOPolicy.evaluate",
                  "total": 16.102406900002105,
                  "count": 25729,
                  "self": 16.102406900002105
                }
              ]
            },
            {
              "name": "workers",
              "total": 0.23076210000280373,
              "count": 25728,
              "self": 0.0,
              "children": [
                {
                  "name": "worker_root",
                  "total": 339.67165090000157,
                  "count": 25728,
                  "is_parallel": true,
                  "self": 48.75088600000396,
                  "children": [
                    {
                      "name": "UnityEnvironment.step",
                      "total": 290.9207648999976,
                      "count": 25723,
                      "is_parallel": true,
                      "self": 5.990655299993591,
                      "children": [
                        {
                          "name": "UnityEnvironment._generate_step_input",
                          "total": 1.1249066000031704,
                          "count": 25723,
                          "is_parallel": true,
                          "self": 1.1249066000031704
                        },
                        {
                          "name": "communicator.exchange",
                          "total": 283.80520300000086,
                          "count": 25723,
                          "is_parallel": true,
                          "self": 283.80520300000086
                        }
                      ]
                    }
                  ]
                }
              ]
            }
          ]
        },
        {
          "name": "update_policy",
          "total": 1.7878319999999661,
          "count": 12,
          "self": 0.7208521000000658,
          "children": [
            {
              "name": "PPOPolicy.update",
              "total": 1.0669798999999003,
              "count": 192,
              "self": 1.0669798999999003
            }
          ]
        }
      ]
    }
  ]
}