{
  "name": "root",
  "gauges": [
    {
      "name": "BasicExBrain.mean_reward",
      "value": 0.0,
      "min": 0.0,
      "max": 0.0,
      "count": 5
    }
  ],
  "total": 48.85301724632811,
  "count": 1,
  "self": 13.435529750761908,
  "children": [
    {
      "name": "TrainerController.advance",
      "total": 35.4174874955662,
      "count": 5084,
      "self": 2.7262587982522035,
      "children": [
        {
          "name": "env_step",
          "total": 32.691228697313996,
          "count": 5084,
          "self": 29.75198787832485,
          "children": [
            {
              "name": "SubprocessEnvManager._take_step",
              "total": 2.881365283367204,
              "count": 5084,
              "self": 0.08542671466413054,
              "children": [
                {
                  "name": "PPOPolicy.evaluate",
                  "total": 2.7959385687030736,
                  "count": 5084,
                  "self": 2.7959385687030736
                }
              ]
            },
            {
              "name": "workers",
              "total": 0.0578755356219407,
              "count": 5083,
              "self": 0.0,
              "children": [
                {
                  "name": "worker_root",
                  "total": 43.09004216086293,
                  "count": 5083,
                  "is_parallel": true,
                  "self": 16.531515454483806,
                  "children": [
                    {
                      "name": "UnityEnvironment.step",
                      "total": 26.558526706379123,
                      "count": 5073,
                      "is_parallel": true,
                      "self": 1.2457248785704245,
                      "children": [
                        {
                          "name": "UnityEnvironment._generate_step_input",
                          "total": 0.2619959244810399,
                          "count": 5073,
                          "is_parallel": true,
                          "self": 0.2619959244810399
                        },
                        {
                          "name": "communicator.exchange",
                          "total": 25.05080590332766,
                          "count": 5073,
                          "is_parallel": true,
                          "self": 25.05080590332766
                        }
                      ]
                    }
                  ]
                }
              ]
            }
          ]
        }
      ]
    }
  ]
}