{
  "name": "root",
  "total": 26.4343073,
  "count": 1,
  "self": 12.570305499999998,
  "children": [
    {
      "name": "TrainerController.advance",
      "total": 13.864001800000002,
      "count": 20,
      "self": 0.03794100000001066,
      "children": [
        {
          "name": "env_step",
          "total": 13.826060799999992,
          "count": 20,
          "self": 13.765492799999993,
          "children": [
            {
              "name": "SubprocessEnvManager._take_step",
              "total": 0.06045209999999557,
              "count": 20,
              "self": 0.0001577999999948787,
              "children": [
                {
                  "name": "PPOPolicy.evaluate",
                  "total": 0.06029430000000069,
                  "count": 2,
                  "self": 0.06029430000000069
                }
              ]
            },
            {
              "name": "workers",
              "total": 0.00011590000000261114,
              "count": 19,
              "self": 0.0,
              "children": [
                {
                  "name": "worker_root",
                  "total": 20.929438599999997,
                  "count": 19,
                  "is_parallel": true,
                  "self": 19.6956669,
                  "children": [
                    {
                      "name": "UnityEnvironment.step",
                      "total": 1.2337717000000001,
                      "count": 2,
                      "is_parallel": true,
                      "self": 0.00041840000000004096,
                      "children": [
                        {
                          "name": "UnityEnvironment._generate_step_input",
                          "total": 0.0001445000000002139,
                          "count": 2,
                          "is_parallel": true,
                          "self": 0.0001445000000002139
                        },
                        {
                          "name": "communicator.exchange",
                          "total": 1.2332087999999999,
                          "count": 2,
                          "is_parallel": true,
                          "self": 1.2332087999999999
                        }
                      ]
                    }
                  ]
                }
              ]
            }
          ]
        }
      ]
    }
  ]
}