{
  "name": "root",
  "total": 28.28029523409801,
  "count": 1,
  "self": 28.28029523409801
}