{
  "name": "root",
  "total": 36.2725404,
  "count": 1,
  "self": 36.2725404
}